INSERT INTO nacionalidades (id, descripcion) VALUES
(1, 'Argentina'),
(2, 'Uruguaya'),
(3, 'Chilena'),
(4, 'Paraguaya'),
(5, 'Boliviana'),
(6, 'Brasileña'),
(7, 'Peruana'),
(8, 'Colombiana'),
(9, 'Venezolana');

INSERT INTO tipo_usuario (id, descripcion) VALUES
(1, 'Administrador'),
(2, 'Cliente');

INSERT INTO provincias (id, nombre) VALUES
(1, 'Buenos Aires'),
(2, 'Catamarca'),
(3, 'Chaco'),
(4, 'Chubut'),
(5, 'Córdoba'),
(6, 'Corrientes'),
(7, 'Entre Ríos'),
(8, 'Formosa'),
(9, 'Jujuy'),
(10, 'La Pampa'),
(11, 'La Rioja'),
(12, 'Mendoza'),
(13, 'Misiones'),
(14, 'Neuquén'),
(15, 'Río Negro'),
(16, 'Salta'),
(17, 'San Juan'),
(18, 'San Luis'),
(19, 'Santa Cruz'),
(20, 'Santa Fe'),
(21, 'Santiago del Estero'),
(22, 'Tierra del Fuego'),
(23, 'Tucumán'),
(24, 'Ciudad Autónoma de Buenos Aires');

INSERT INTO localidades (id, nombre, id_provincia) VALUES
(1, 'La Plata', 1),
(2, 'Mar del Plata', 1),
(3, 'Bahía Blanca', 1),
(4, 'Tigre', 1),
(5, 'Quilmes', 1),
(6, 'Avellaneda', 1),
(7, 'San Justo', 1),
(8, 'Lomas de Zamora', 1),
(9, 'Morón', 1),
(10, 'San Nicolás', 1),
(11, 'San Fernando del Valle', 2),
(12, 'Tinogasta', 2),
(13, 'Belén', 2),
(14, 'Andalgalá', 2),
(15, 'Santa María', 2),
(16, 'Recreo', 2),
(17, 'Pomán', 2),
(18, 'Fiambalá', 2),
(19, 'La Puerta', 2),
(20, 'Mutquín', 2),
(21, 'Resistencia', 3),
(22, 'Sáenz Peña', 3),
(23, 'Villa Ángela', 3),
(24, 'Charata', 3),
(25, 'General San Martín', 3),
(26, 'Machagai', 3),
(27, 'Las Breñas', 3),
(28, 'Quitilipi', 3),
(29, 'Castelli', 3),
(30, 'Fontana', 3),
(31, 'Rawson', 4),
(32, 'Comodoro Rivadavia', 4),
(33, 'Trelew', 4),
(34, 'Puerto Madryn', 4),
(35, 'Esquel', 4),
(36, 'Gaiman', 4),
(37, 'Dolavon', 4),
(38, 'Rada Tilly', 4),
(39, 'Sarmiento', 4),
(40, 'Paso de Indios', 4),
(41, 'Córdoba', 5),
(42, 'Villa María', 5),
(43, 'Río Cuarto', 5),
(44, 'San Francisco', 5),
(45, 'Alta Gracia', 5),
(46, 'Villa Carlos Paz', 5),
(47, 'Jesús María', 5),
(48, 'Cosquín', 5),
(49, 'La Falda', 5),
(50, 'Río Tercero', 5),
(51, 'Corrientes', 6),
(52, 'Goya', 6),
(53, 'Mercedes', 6),
(54, 'Paso de los Libres', 6),
(55, 'Bella Vista', 6),
(56, 'Santo Tomé', 6),
(57, 'Esquina', 6),
(58, 'Monte Caseros', 6),
(59, 'Curuzú Cuatiá', 6),
(60, 'Ituzaingó', 6),
(61, 'Paraná', 7),
(62, 'Concordia', 7),
(63, 'Gualeguaychú', 7),
(64, 'La Paz', 7),
(65, 'Victoria', 7),
(66, 'Colón', 7),
(67, 'Gualeguay', 7),
(68, 'Nogoyá', 7),
(69, 'Chajarí', 7),
(70, 'Villaguay', 7),
(71, 'Formosa', 8),
(72, 'Clorinda', 8),
(73, 'Pirané', 8),
(74, 'El Colorado', 8),
(75, 'Ingeniero Juárez', 8),
(76, 'Laguna Blanca', 8),
(77, 'Ibarreta', 8),
(78, 'Las Lomitas', 8),
(79, 'Villa Dos Trece', 8),
(80, 'General Belgrano', 8),
(81, 'San Salvador de Jujuy', 9),
(82, 'Palpalá', 9),
(83, 'Libertador San Martín', 9),
(84, 'La Quiaca', 9),
(85, 'Perico', 9),
(86, 'El Carmen', 9),
(87, 'Tilcara', 9),
(88, 'Humahuaca', 9),
(89, 'San Pedro', 9),
(90, 'Abra Pampa', 9),
(91, 'Santa Rosa', 10),
(92, 'General Pico', 10),
(93, 'Toay', 10),
(94, 'Realicó', 10),
(95, '25 de Mayo', 10),
(96, 'General Acha', 10),
(97, 'Victorica', 10),
(98, 'Intendente Alvear', 10),
(99, 'Macachín', 10),
(100, 'Eduardo Castex', 10),
(101, 'La Rioja', 11),
(102, 'Chilecito', 11),
(103, 'Aimogasta', 11),
(104, 'Chamical', 11),
(105, 'Chepes', 11),
(106, 'Famatina', 11),
(107, 'Villa Unión', 11),
(108, 'Castro Barros', 11),
(109, 'Olta', 11),
(110, 'Sanagasta', 11),
(111, 'Mendoza', 12),
(112, 'San Rafael', 12),
(113, 'Godoy Cruz', 12),
(114, 'Malargüe', 12),
(115, 'Maipú', 12),
(116, 'Luján de Cuyo', 12),
(117, 'Las Heras', 12),
(118, 'Tunuyán', 12),
(119, 'General Alvear', 12),
(120, 'San Martín', 12),
(121, 'Posadas', 13),
(122, 'Eldorado', 13),
(123, 'Oberá', 13),
(124, 'Puerto Iguazú', 13),
(125, 'Apóstoles', 13),
(126, 'San Vicente', 13),
(127, 'Montecarlo', 13),
(128, 'Jardín América', 13),
(129, 'Leandro N. Alem', 13),
(130, 'Aristóbulo del Valle', 13),
(131, 'Neuquén', 14),
(132, 'Cutral Co', 14),
(133, 'Plottier', 14),
(134, 'Zapala', 14),
(135, 'Centenario', 14),
(136, 'San Martín de los Andes', 14),
(137, 'Chos Malal', 14),
(138, 'Rincón de los Sauces', 14),
(139, 'Villa La Angostura', 14),
(140, 'Senillosa', 14),
(141, 'Viedma', 15),
(142, 'Bariloche', 15),
(143, 'General Roca', 15),
(144, 'Cipolletti', 15),
(145, 'Villa Regina', 15),
(146, 'Catriel', 15),
(147, 'Choele Choel', 15),
(148, 'Allen', 15),
(149, 'El Bolsón', 15),
(150, 'San Antonio Oeste', 15),
(151, 'Salta', 16),
(152, 'Orán', 16),
(153, 'Tartagal', 16),
(154, 'Metán', 16),
(155, 'Rosario de la Frontera', 16),
(156, 'Cafayate', 16),
(157, 'General Güemes', 16),
(158, 'Joaquín V. González', 16),
(159, 'Embarcación', 16),
(160, 'Aguaray', 16),
(161, 'San Juan', 17),
(162, 'Rawson', 17),
(163, 'Chimbas', 17),
(164, 'Pocito', 17),
(165, 'Rivadavia', 17),
(166, 'Santa Lucía', 17),
(167, 'Caucete', 17),
(168, 'Albardón', 17),
(169, 'San Martín', 17),
(170, 'Jáchal', 17),
(171, 'San Luis', 18),
(172, 'Villa Mercedes', 18),
(173, 'La Punta', 18),
(174, 'Merlo', 18),
(175, 'Justo Daract', 18),
(176, 'Concarán', 18),
(177, 'Villa de Merlo', 18),
(178, 'Tilisarao', 18),
(179, 'Buena Esperanza', 18),
(180, 'Luján', 18),
(181, 'Río Gallegos', 19),
(182, 'Caleta Olivia', 19),
(183, 'El Calafate', 19),
(184, 'Puerto Deseado', 19),
(185, 'Pico Truncado', 19),
(186, 'Las Heras', 19),
(187, 'Perito Moreno', 19),
(188, 'Gobernador Gregores', 19),
(189, 'San Julián', 19),
(190, '28 de Noviembre', 19),
(191, 'Santa Fe', 20),
(192, 'Rosario', 20),
(193, 'Rafaela', 20),
(194, 'Venado Tuerto', 20),
(195, 'Reconquista', 20),
(196, 'Villa Constitución', 20),
(197, 'Esperanza', 20),
(198, 'San Lorenzo', 20),
(199, 'Casilda', 20),
(200, 'Cañada de Gómez', 20),
(201, 'Santiago del Estero', 21),
(202, 'La Banda', 21),
(203, 'Añatuya', 21),
(204, 'Frías', 21),
(205, 'Fernández', 21),
(206, 'Loreto', 21),
(207, 'Monte Quemado', 21),
(208, 'Quimilí', 21),
(209, 'Clodomira', 21),
(210, 'Suncho Corral', 21),
(211, 'Ushuaia', 22),
(212, 'Río Grande', 22),
(213, 'Tolhuin', 22),
(214, 'Puerto Almanza', 22),
(215, 'San Sebastián', 22),
(216, 'Lago Escondido', 22),
(217, 'Bahía Thetis', 22),
(218, 'Bahía Buen Suceso', 22),
(219, 'Puerto Parry', 22),
(220, 'Puerto Ranquel', 22),
(221, 'San Miguel de Tucumán', 23),
(222, 'Yerba Buena', 23),
(223, 'Tafí Viejo', 23),
(224, 'Concepción', 23),
(225, 'Aguilares', 23),
(226, 'Monteros', 23),
(227, 'Banda del Río Salí', 23),
(228, 'Lules', 23),
(229, 'Famaillá', 23),
(230, 'Bella Vista', 23),
(231, 'Buenos Aires', 24),
(232, 'Recoleta', 24),
(233, 'Palermo', 24),
(234, 'Belgrano', 24),
(235, 'Caballito', 24),
(236, 'Flores', 24),
(237, 'Retiro', 24),
(238, 'San Telmo', 24),
(239, 'Villa Urquiza', 24),
(240, 'Villa Devoto', 24);

INSERT INTO tipo_movimiento (id, descripcion) VALUES
(1, 'Alta de cuenta'),
(2, 'Alta de préstamo'),
(3, 'Pago de préstamo'),
(4, 'Transferencia');

INSERT INTO estado_prestamo (id, descripcion) VALUES
(1, 'Pendiente'),
(2, 'Aprobado'),
(3, 'Rechazado');

-- Precarga de clientes (integrantes del grupo)

INSERT INTO clientes (id, dni, cuil, nombre, apellido, sexo, id_nacionalidad, fecha_nacimiento, direccion, id_localidad, id_provincia, correo_electronico, telefono, activo)
VALUES

(1, '30011111', '20-30011111-3', 'Mauro', 'Asselborn', 'Masculino', 1, '1992-07-27', 'Calle Alsina 272', 9, 9, 'mauro.asselborn@gmail.com', '1144965827', 1),
(2, '30022222', '20-30022222-3', 'Adriel', 'Logullo', 'Masculino', 3, '1991-08-26', 'Calle Belgrano 218', 8, 8, 'adriel.logullo@gmail.com', '1148868537', 1),
(3, '30033333', '20-30033333-3', 'Franco', 'Bonzi', 'Masculino', 2, '1994-08-16', 'Pasaje San Martín 845', 19, 19, 'franco.bonzi@gmail.com', '1141505620', 1),
(4, '30044444', '20-30044444-3', 'Guido', 'Secovih', 'Masculino', 5, '1987-02-14', 'Calle Alsina 119', 7, 7, 'guido.secovih@gmail.com', '1140248697', 1),
(5, '30055555', '20-30055555-3', 'Adrian', 'Criscione', 'Masculino', 8, '1997-03-20', 'Pasaje Alsina 279', 20, 20, 'adrian.criscione@gmail.com', '1142991320', 1),
(6, '30066666', '20-30066666-3', 'Mariano', 'Stoesell', 'Masculino', 6, '1985-01-13', 'Pasaje Belgrano 331', 10, 10, 'mariano.stoesell@gmail.com', '1141350433', 1);

-- Precarga de usuarios

INSERT INTO usuarios (id, id_cliente, id_tipo_usuario, nombre_usuario, contrasena, activo)
VALUES

(1, 1, 2, 'mauro', '1234', 1),
(2, 2, 1, 'adriel', '1234', 1),
(3, 3, 1, 'franco', '1234', 1),
(4, 4, 1, 'guido', '1234', 1),
(5, 5, 2, 'adrian', '1234', 1),
(6, 6, 2, 'mariano', '1234', 1);


-- Precarga de Tipos de Cuentas
INSERT INTO tipo_cuenta (id, descripcion) VALUES
(1, 'Caja de ahorro'),
(2, 'Cuenta corriente');
